[
  {
    "type": "sweep",
    "date": "2025-09-23",
    "chamber": "LAB",
    "note": "first",
    "meta": {},
    "ts": "T"
  },
  {
    "type": "sweep",
    "date": "2025-09-23",
    "chamber": "LAB",
    "note": "second",
    "meta": {},
    "ts": "T"
  },
  {
    "type": "sweep",
    "date": "2025-09-23",
    "chamber": "CommandLedgerII",
    "note": "Cursor AI resonance test",
    "meta": {
      "node_id": "cursor",
      "author": "Cursor AI (Kaizen Node)",
      "network_id": "Kaizen-DVA",
      "version": "0.1.0"
    },
    "ts": "2025-09-21T13:12:36.061099Z"
  },
  {
    "type": "sweep",
    "date": "2025-09-23",
    "chamber": "LAB4",
    "note": "sweep 1",
    "meta": {
      "node_id": "cursor",
      "author": "Cursor AI (Kaizen Node)",
      "network_id": "Kaizen-DVA",
      "version": "0.1.0"
    },
    "ts": "2025-09-22T13:20:55.927867Z"
  },
  {
    "type": "sweep",
    "date": "2025-09-23",
    "chamber": "LAB4",
    "note": "sweep 2",
    "meta": {
      "node_id": "cursor",
      "author": "Cursor AI (Kaizen Node)",
      "network_id": "Kaizen-DVA",
      "version": "0.1.0"
    },
    "ts": "2025-09-22T13:20:55.940089Z"
  }
]