[
  {
    "type": "sweep",
    "date": "2025-09-20",
    "chamber": "LAB",
    "note": "first",
    "meta": {},
    "ts": "T"
  },
  {
    "type": "sweep",
    "date": "2025-09-20",
    "chamber": "LAB",
    "note": "second",
    "meta": {},
    "ts": "T"
  },
  {
    "type": "sweep",
    "date": "2025-09-20",
    "chamber": "lab4",
    "note": "sweep",
    "meta": {
      "additionalProp1": {}
    },
    "ts": "2025-09-21T00:59:00.666467Z"
  },
  {
    "type": "sweep",
    "date": "2025-09-20",
    "chamber": "LAB4",
    "note": "first sweep",
    "meta": {},
    "ts": "2025-09-21T01:09:26.233700Z"
  }
]