[
  {
    "type": "sweep",
    "date": "2025-09-21",
    "chamber": "LAB",
    "note": "first",
    "meta": {},
    "ts": "T"
  },
  {
    "type": "sweep",
    "date": "2025-09-21",
    "chamber": "LAB",
    "note": "second",
    "meta": {},
    "ts": "T"
  },
  {
    "type": "sweep",
    "date": "2025-09-21",
    "chamber": "LAB4",
    "note": "first sweep",
    "meta": {},
    "ts": "2025-09-21T01:07:44.272217Z"
  },
  {
    "type": "sweep",
    "date": "2025-09-21",
    "chamber": "LAB4",
    "note": "demo sweep",
    "meta": {},
    "ts": "2025-09-21T01:21:40.187440Z"
  }
]